{
    "status": "ok",
    "totalResults": 38,
    "articles": [
        {
            "source": {
                "id": null,
                "name": "New York Times"
            },
            "author": "Kevin Draper, Chris Buckley",
            "title": "Olympics 2022 Live: Medals and Results From Day 1 - The New York Times",
            "description": "The host country finished first a short-track speedskating team event, and Norway won its first two golds. Shaun White said these Olympics would be his last competition.",
            "url": "https://www.nytimes.com/live/2022/02/04/sports/olympics-winter",
            "urlToImage": "https://static01.nyt.com/images/2022/02/05/multimedia/05olympics-briefing-promo-10am/05olympics-briefing-promo-10am-facebookJumbo.jpg",
            "publishedAt": "2022-02-05T16:18:22Z",
            "content": "Therese Johaug of Norway after winning the 15-kilometer womens skiathlon cross-country race at the National Cross-Country Center in Zhangjiakou.Credit...Doug Mills/The New York Times\r\nTherese Johaug … [+3862 chars]"
        },
        {
            "source": {
                "id": "usa-today",
                "name": "USA Today"
            },
            "author": "USA TODAY Sports",
            "title": "Olympics 2022 Saturday updates, recap: USA bobsled star Elana Meyers Taylor out of COVID isolation - USA TODAY",
            "description": "The first medals of the 2022 Winter Olympics were handed out Saturday, but the Americans were unable to reach the podium in the first full day.",
            "url": "https://www.usatoday.com/story/sports/olympics/2022/02/04/winter-olympics-live-updates-medal-events/6665198001/",
            "urlToImage": "https://www.gannett-cdn.com/presto/2022/02/05/USAT/5b52f60a-6e17-4ae4-b221-f33c1460ad7e-AP_Germany_Bobsleigh_World_Cup.jpg?crop=4399,2474,x1,y440&width=3200&height=1800&format=pjpg&auto=webp",
            "publishedAt": "2022-02-05T15:56:18Z",
            "content": "The first medals of the 2022 Winter Olympics were handed out Saturday, but the Americans were unable to reach the podium in the first full day of events.\r\nThere were some positives on Saturday for Te… [+23645 chars]"
        },
        {
            "source": {
                "id": "fox-news",
                "name": "Fox News"
            },
            "author": "Audrey Conklin",
            "title": "Arizona Home Depot employee accused of replacing $400k with counterfeit bills - Fox News",
            "description": "U.S. Secret Service officials on Friday arrested an Arizona Home Depot employee accused of replacing nearly $400,000 worth of cash with counterfeit bills.",
            "url": "https://www.foxnews.com/us/arizona-home-depot-employee-counterfeit-bills",
            "urlToImage": "https://static.foxnews.com/foxnews.com/content/uploads/2022/02/BeFunky-collage-19.jpg",
            "publishedAt": "2022-02-05T15:47:09Z",
            "content": "U.S. Secret Service officials on Friday arrested an Arizona Home Depot employee accused of replacing nearly $400,000 worth of cash with counterfeit bills.\r\nAgents arrested Adrian Jean Pineda after he… [+1811 chars]"
        },
        {
            "source": {
                "id": null,
                "name": "TMZ"
            },
            "author": "TMZ Staff",
            "title": "Julia Fox Talks Drake Romance Rumors and Says They Didn't 'Really' Date - TMZ",
            "description": "Kanye West's GF Julia Fox is addressing reports that she once dated Drake ... she says \"nothing really happened\" ... the question, what does \"really\" mean?",
            "url": "https://www.tmz.com/2022/02/05/julia-fox-drake-dating-rumors-kanye-west-podcast/",
            "urlToImage": "https://imagez.tmz.com/image/51/16by9/2022/02/05/51324efc43ad45b090f0d0e61e13f43b_xl.jpg",
            "publishedAt": "2022-02-05T15:11:00Z",
            "content": "Kanye West's GF Julia Fox is addressing reports that she once dated Drake ... she says \"nothing really happened\" ... the question, what does \"really\" mean?\r\nJulia used her \"Forbidden Fruits\" podcast … [+697 chars]"
        },
        {
            "source": {
                "id": null,
                "name": "Page Six"
            },
            "author": "Jessica Bennett",
            "title": "Candace Owens defends Kanye West against Kim Kardashian: 'Kim is wrong' - Page Six",
            "description": "“Kim is wrong on this one,” the conservative commentator tweeted following Kim and Kanye’s public back-and-forth over daughter, North West, having access to TikTok.",
            "url": "https://pagesix.com/2022/02/05/candace-owens-defends-kanye-west-against-kim-kardashian/",
            "urlToImage": "https://pagesix.com/wp-content/uploads/sites/3/2022/02/candace-comp.jpg?quality=90&strip=all&w=1200",
            "publishedAt": "2022-02-05T15:00:00Z",
            "content": "Candace Owens is backing up Kanye West in his attempt to restrict his children’s access to social media, a move ex, Kim Kardashian, deems unnecessary. \r\n“Kim is wrong on this one,” the conservative c… [+1945 chars]"
        },
        {
            "source": {
                "id": null,
                "name": "New York Times"
            },
            "author": "Mujib Mashal",
            "title": "Fahad Shah, Editor in Kashmir, Is Arrested - The New York Times",
            "description": "The police accused Fahad Shah, who edits a news website, of “uploading anti-national content.” Critics say journalists in Kashmir have increasingly been harassed and intimidated.",
            "url": "https://www.nytimes.com/2022/02/05/world/asia/kashmir-editor-arrested.html",
            "urlToImage": "https://static01.nyt.com/images/2022/02/05/world/05kashmir-01/05kashmir-01-facebookJumbo.jpg",
            "publishedAt": "2022-02-05T14:58:42Z",
            "content": "Last month, the police arrested Sajad Gul, another Kashmiri journalist and a contributor to The Kashmir Walla, over social media posts that they considered objectionable. Mr. Gul was granted bail on … [+1556 chars]"
        },
        {
            "source": {
                "id": "cnn",
                "name": "CNN"
            },
            "author": "Celine Alkhaldi and Lianne Kolirin, CNN",
            "title": "Rescuers race to save boy stuck down a well for four days in Morocco - CNN",
            "description": "Moroccan rescuers are continuing rescue efforts to reach a 5-year-old boy who is trapped in a well in the north of the African country.",
            "url": "https://www.cnn.com/2022/02/04/africa/morocco-well-boy-intl/index.html",
            "urlToImage": "https://cdn.cnn.com/cnnnext/dam/assets/220205073829-05-moroccan-boy-rescue-0205-super-tease.jpg",
            "publishedAt": "2022-02-05T14:25:00Z",
            "content": null
        },
        {
            "source": {
                "id": "cnn",
                "name": "CNN"
            },
            "author": null,
            "title": "NASA hands future of space stations to private sector - CNN",
            "description": "NASA plans to retire the International Space Station in 2031 by crashing it into the Pacific Ocean. Retired astronaut Cmdr. Chris Hadfield joins New Day Weekend to talk about the stations past, and the future of space stations.",
            "url": "https://www.cnn.com/videos/us/2022/02/05/international-space-station-crash-chris-hadfield-nasa-nwdywknd-vpx.cnn",
            "urlToImage": "https://cdn.cnn.com/cnnnext/dam/assets/220203154714-international-space-station-russian-segment-2021-file-super-tease.jpg",
            "publishedAt": "2022-02-05T14:07:23Z",
            "content": null
        },
        {
            "source": {
                "id": null,
                "name": "MMA Fighting"
            },
            "author": "Alexander K. Lee",
            "title": "UFC Vegas 47 predictions - MMA Fighting",
            "description": "Does Jack Hermansson or Sean Strickland need a win more in Saturday’s UFC Vegas 47 main event?",
            "url": "https://www.mmafighting.com/2022/2/5/22918901/ufc-vegas-47-predictions",
            "urlToImage": "https://cdn.vox-cdn.com/thumbor/u30LCyy_2frHrlvJ4O-zNXtoQAQ=/0x344:4969x2946/fit-in/1200x630/cdn.vox-cdn.com/uploads/chorus_asset/file/23220370/1232640898.jpg",
            "publishedAt": "2022-02-05T14:00:00Z",
            "content": "The UFC kicks off February with a card that has some sneaky appeal if you look at it in the right light.\r\nSaturdays UFC Vegas 47 main event shouldnt need much selling as two compelling middleweight c… [+9164 chars]"
        },
        {
            "source": {
                "id": "bloomberg",
                "name": "Bloomberg"
            },
            "author": null,
            "title": "Adults Back in Charge of Stock Market as Fed Awakens Big Money - Bloomberg",
            "description": null,
            "url": "https://www.bloomberg.com/tosv2.html?vid=&uuid=8643d240-8693-11ec-86d6-675973574475&url=L25ld3MvYXJ0aWNsZXMvMjAyMi0wMi0wNS9hZHVsdHMtYmFjay1pbi1jaGFyZ2Utb2Ytc3RvY2stbWFya2V0LWFzLWZlZC1hd2FrZW5zLWJpZy1tb25leQ==",
            "urlToImage": null,
            "publishedAt": "2022-02-05T13:15:00Z",
            "content": "To continue, please click the box below to let us know you're not a robot."
        },
        {
            "source": {
                "id": "the-wall-street-journal",
                "name": "The Wall Street Journal"
            },
            "author": "Dalvin Brown",
            "title": "Amazon Prime Price Increase: Here’s Why It’s Still Worth It - The Wall Street Journal",
            "description": "A Prime membership will now cost you $20 more a year. Here’s how it stacks up to the competition in both online shopping and streaming video.",
            "url": "https://www.wsj.com/articles/amazon-prime-price-increase-value-11644011470",
            "urlToImage": "https://images.wsj.net/im-480336/social",
            "publishedAt": "2022-02-05T13:00:00Z",
            "content": null
        },
        {
            "source": {
                "id": "usa-today",
                "name": "USA Today"
            },
            "author": "Steve Kiggins, USA TODAY",
            "title": "One person killed, multiple injured in Blacksburg, Virginia shooting, police say - USA TODAY",
            "description": "On Twitter, Virginia Tech urged students to \"stay inside\" and \"call 911 for help.\" The campus lockdown was later lifted.",
            "url": "https://www.usatoday.com/story/news/nation/2022/02/04/virginia-shooting-active-shooter-blacksburg/6674186001/",
            "urlToImage": "https://www.gannett-cdn.com/presto/2021/07/12/USAT/3be4d61d-99d4-4458-8539-df6a02274e24-VA-01.png?auto=webp&crop=3946,2220,x845,y402&format=pjpg&width=1200",
            "publishedAt": "2022-02-05T12:56:15Z",
            "content": "Multiple people were shot late Friday night in Blacksburg, Virginia, a college town that was shattered by one of the worst shootings in U.S. history nearly 15 years ago.\r\nOne person was killed and an… [+2148 chars]"
        },
        {
            "source": {
                "id": null,
                "name": "Anchorage Daily News"
            },
            "author": "Sarah Ellison, The Washington Post",
            "title": "New York Times writer grilled for hours on second day of Palin libel trial - Anchorage Daily News",
            "description": "Attorneys spent the second day of Sarah Palin’s defamation trial against the New York Times grilling the author of an erroneous editorial in sometimes excruciating detail.",
            "url": "https://www.adn.com/nation-world/2022/02/05/new-york-times-writer-grilled-for-hours-on-second-day-of-palin-libel-trial/",
            "urlToImage": "https://www.adn.com/resizer//axyN_Vlg7RkUagtXr1GuVCJyGLM=/1200x630/filters:format(jpg):quality(70)/cloudfront-us-east-1.images.arcpublishing.com/adn/D47DVLBV6JG25NRXK56R5EJ4KI.jpg",
            "publishedAt": "2022-02-05T12:21:00Z",
            "content": "Former Alaska Gov. Sarah Palin reacts to a reporter's question as she leaves Federal court, Friday, Feb. 4, 2022, in New York, following proceedings in her defamation case against The New York Times.… [+7100 chars]"
        },
        {
            "source": {
                "id": null,
                "name": "Space.com"
            },
            "author": "Mike Wall",
            "title": "Astra will launch a rocket from Florida for the 1st time today and you can watch it live - Space.com",
            "description": "Liftoff will take place during a three-hour window that opens at 1 p.m. EST (1800 GMT).",
            "url": "https://www.space.com/astra-first-florida-launch-elana-41-february-2022",
            "urlToImage": "https://cdn.mos.cms.futurecdn.net/mBiRGmkDcY9hhBSUbfrogB-1200-80.jpg",
            "publishedAt": "2022-02-05T12:12:28Z",
            "content": "Astra will launch its first-ever mission from the Lower 48 on Saturday (Feb. 5), and you can watch the action live.\r\nThe California startup plans to launch the ELaNa 41 mission from Florida's Cape Ca… [+3287 chars]"
        },
        {
            "source": {
                "id": "politico",
                "name": "Politico"
            },
            "author": null,
            "title": "Trump's 'circular firing squad' threatens GOP midterm gains - POLITICO",
            "description": "The former president’s stranglehold on the party is emerging as a serious threat to the GOP’s otherwise bright prospects in November.",
            "url": "https://www.politico.com/news/2022/02/05/trump-midterms-republicans-salt-lake-00005867",
            "urlToImage": "https://static.politico.com/23/4d/1150a1794a2bb71e7b2dd3293137/20220204-ronnamcdaniel-ap-773.jpg",
            "publishedAt": "2022-02-05T12:00:00Z",
            "content": "For all the energy he creates at the partys grassroots, his stranglehold on the party is emerging as one of the biggest threats to the GOPs otherwise bright prospects in November.\r\nHe has already sin… [+8052 chars]"
        },
        {
            "source": {
                "id": "politico",
                "name": "Politico"
            },
            "author": null,
            "title": "The Gold Medal In Olympic Cynicism Goes To… - POLITICO",
            "description": "All of us. The half-hearted response to China's human-rights abuses may be the only realistic approach, but it's creating a jaded audience pretty much everywhere.",
            "url": "https://www.politico.com/news/magazine/2022/02/05/olympics-beijing-2022-boycott-china-00005893",
            "urlToImage": "https://static.politico.com/c8/f8/27e0850541208764916456124827/olympics-china-773.jpg",
            "publishedAt": "2022-02-05T12:00:00Z",
            "content": "The United States, U.K., Taiwan and a handful of other democracies have declared a diplomatic boycott of the games, declining to send state officials as representatives. But an actual boycott, as wit… [+7117 chars]"
        },
        {
            "source": {
                "id": null,
                "name": "Fox Business"
            },
            "author": "Lauryn Overhultz",
            "title": "Whoopi Goldberg's career won't 'end in carnage,' expert says: She is 'liked within ABC and by the left' - Fox Business",
            "description": "Whoopi Goldberg can avoid losing her career, experts told FOX Business. Goldberg went viral on Monday after she argued that the Holocaust wasn't \"about race.\"",
            "url": "https://www.foxbusiness.com/lifestyle/whoopi-goldberg-career-holocaust-comments-expert",
            "urlToImage": "https://a57.foxnews.com/static.foxbusiness.com/foxbusiness.com/content/uploads/2022/02/0/0/Whoopi_Goldberg_Getty_2.jpg?ve=1&tl=1",
            "publishedAt": "2022-02-05T11:55:06Z",
            "content": "Whoopi Goldberg's career \"won't end in carnage\" following her Holocaust comments, an expert told FOX Business, explaining that she is \"personally liked within ABC and by the left.\"\r\nOn Monday, Goldbe… [+4595 chars]"
        },
        {
            "source": {
                "id": "independent",
                "name": "Independent"
            },
            "author": "Jacob Stolworthy",
            "title": "Dwayne Johnson says he’s had ‘learning moment’ after dividing fans with Joe Rogan defence - The Independent",
            "description": "‘I was not aware of his N-word use prior to my comments,’ Johnson said",
            "url": "https://www.independent.co.uk/arts-entertainment/films/news/dwayne-johnson-joe-rogan-instagram-b2008350.html",
            "urlToImage": "https://static.independent.co.uk/2022/02/05/11/Dwayne-Johnson-Joe-Rogan.jpg?quality=75&width=1200&auto=webp",
            "publishedAt": "2022-02-05T11:36:35Z",
            "content": "Dwayne Johnson has said hes had a learning moment after dividing fans with his response to brother Joe Rogan.\r\nEarlier this week, the Hollywood star was called out for his swift praise of the US podc… [+2805 chars]"
        },
        {
            "source": {
                "id": null,
                "name": "The Athletic"
            },
            "author": "Shams Charania",
            "title": "A James Harden-Ben Simmons deal is a possibility before the NBA trade deadline: Sources - The Athletic",
            "description": "The Nets and Sixers are open to discussing a blockbuster deal involving the two stars ahead of the Feb. 10 deadline, sources say.",
            "url": "https://theathletic.com/3112818/2022/02/04/a-james-harden-ben-simmons-deal-is-a-possibility-before-the-nba-trade-deadline-sources/",
            "urlToImage": "https://cdn.theathletic.com/app/uploads/2022/02/04162622/GettyImages-1231014635-1024x683.jpg",
            "publishedAt": "2022-02-05T11:35:19Z",
            "content": "The Philadelphia 76ers and president of basketball operations Daryl Morey had been plotting to wait for the offseason to chase James Harden as a free agent and save Ben Simmons for a potential deal, … [+863 chars]"
        },
        {
            "source": {
                "id": null,
                "name": "Fox Business"
            },
            "author": "Adam Sabes",
            "title": "Olympic athletes' self-censoring won't stop after return from China: human rights experts - Fox Business",
            "description": "Olympic athletes' self-censorship of their criticism of the Chinese government does not stop when they leave the country because they rely on lucrative corporate sponsorship deals with companies that stand to lose money if they criticize the Chinese Communist…",
            "url": "https://www.foxbusiness.com/sports/olympic-athletes-self-censoring-wont-stop-after-return-from-china-human-rights-experts",
            "urlToImage": "https://a57.foxnews.com/static.foxbusiness.com/foxbusiness.com/content/uploads/2022/02/0/0/Untitled-design-2022-02-04T192251.496.png?ve=1&tl=1",
            "publishedAt": "2022-02-05T11:17:05Z",
            "content": "Olympic athletes' self-censorship of their criticism of the Chinese government does not stop when they leave the country, multiple human right experts say, as athletes rely on lucrative corporate spo… [+4623 chars]"
        }
    ]
}